5b376dba-89a4-4a83-ab80-433c49b37db6,ff605d13-60d8-4872-b755-3e93c8fbf174,1
a4254d01-b650-4965-b160-fc437cc9308c,8168077b-f285-4ca2-87b4-735c95ccae5b,3
c8a1c955-9c82-4486-b020-e3396381ce17,2cd4f5b2-825d-44b8-bf40-d58c4ccf3674,2
64202dbc-937b-4de1-87c4-13c8d9594b60,6fb89a1e-f4df-4476-85b3-63da903999f3,1
3ca6b559-f5a8-4c21-b3b9-1483e7144cb8,0a08cca9-8491-44fd-b63a-16432955aea5,1
3ff68fb2-cfb3-45eb-a1e0-e64feb9e6145,91c9dc36-bb3e-4e14-88fb-f5c3f6022832,3
7694b425-d9e9-4be3-adff-818c5eed4f90,a68ac100-b5ef-4254-9c9a-e88cdabbbe67,2
9d9a2f95-8a8a-40e2-97ab-dc02160e5e43,bdbe678b-0b29-4f8f-bc6d-211161920448,1
e40460a0-cc22-4611-9170-bbba3279e025,01a0a1bf-2837-4624-9f52-e602f1d60cce,3
d6cdb974-3642-46ca-93e8-7699c9e52c04,12716fee-c665-49c9-9479-a4ae4bae59ac,3
